,Park Name,Budget Request(dollars in thousands),Year
1,Acadia NP,4706,2002
12,Arches NP,1020,2002
17,Badlands NP,3072,2002
21,Big Bend NP,4735,2002
27,Biscayne NP,3480,2002
28,Black Canyon of the Gunnison NP,761,2002
36,Bryce Canyon NP,2689,2002
42,Canyonlands NP,5082,2002
46,Capitol Reef NP,1917,2002
49,Carlsbad Caverns NP,5272,2002
56,Channel Islands NP,4983,2002
71,Crater Lake NP,4052,2002
76,Cuyahoga Valley NP,9599,2002
79,Death Valley NP,6962,2002
81,Denali NP & Preserve,9903,2002
85,Dry Tortugas NP,1302,2002
95,Everglades NP,13673,2002
125,Gates of the Arctic NP & Preserve,1873,2002
134,Glacier Bay NP & Preserve,3524,2002
135,Glacier NP,10426,2002
139,Grand Canyon NP,18710,2002
141,Grand Teton NP,8816,2002
143,Great Basin NP,1912,2002
145,Great Smoky Mountains NP,15202,2002
147,Guadalupe Mountains NP,2141,2002
151,Haleakala NP,3755,2002
155,Hawaii Volcanoes NP,5546,2002
162,Hot Springs NP,3241,2002
167,Isle Royale NP,3274,2002
178,Joshua Tree NP,4230,2002
181,"Katmai NP & Pres, Aniakchak NM & Pres",2357,2002
182,Kenai Fjords NP,2322,2002
189,Lake Clark NP & Preserve,1872,2002
194,Lassen Volcanic NP,3592,2002
200,Little River Canyon NPres,919,2002
206,Mammoth Cave NP,5731,2002
220,Mesa Verde NP,4854,2002
225,Mojave NPres,3708,2002
230,Mount Rainier NP,9082,2002
248,"No. Cascades NP, Lk Chelan NRA, Ross Lk NRA",5578,2002
252,Olympic NP,10363,2002
262,Petrified Forest NP,2560,2002
277,Redwood NP,7115,2002
281,Rocky Mountain NP,9961,2002
286,Saguaro NP,2842,2002
301,Sequoia NP & Kings Canyon NP,12628,2002
302,Shenandoah NP,10557,2002
310,Tallgrass Prairie NPres,716,2002
314,Theodore Roosevelt NP,1956,2002
328,Virgin Islands NP,4864,2002
329,Voyageurs NP,3198,2002
336,"Kobuk Valley NP, Noatak NPres",3200,2002
344,Wind Cave NP,1892,2002
347,Wrangell-Saint Elias NP & Preserve,3356,2002
349,Yellowstone NP,27084,2002
350,Yosemite NP,23320,2002
353,Zion NP,5963,2002
1,Acadia NP,5686,2003
10,Arches NP,1148,2003
15,Badlands NP,3080,2003
19,Big Bend NP,4746,2003
25,Biscayne NP,3487,2003
26,Black Canyon of the Gunnison NP,1035,2003
34,Bryce Canyon NP,2696,2003
40,Canyonlands NP,5385,2003
45,Capitol Reef NP,1878,2003
48,Carlsbad Caverns NP,5282,2003
55,Channel Islands NP,4989,2003
70,Crater Lake NP,4062,2003
75,Cuyahoga Valley NP,9617,2003
78,Death Valley NP,6977,2003
80,Denali NP & Preserve,11030,2003
84,Dry Tortugas NP,1304,2003
93,Everglades NP,13958,2003
126,Gates of the Arctic NP & Preserve,2073,2003
135,Glacier Bay NP & Preserve,3529,2003
136,Glacier NP,10451,2003
140,Grand Canyon NP,19016,2003
142,Grand Teton NP,8841,2003
144,Great Basin NP,1917,2003
146,Great Smoky Mountains NP,15483,2003
148,Guadalupe Mountains NP,2348,2003
152,Haleakala NP,3763,2003
156,Hawaii Volcanoes NP,5559,2003
163,Hot Springs NP,3392,2003
168,Isle Royale NP,3281,2003
179,Joshua Tree NP,4244,2003
182,"Katmai NP & Pres, Aniakchak NM & Pres",2362,2003
183,Kenai Fjords NP,2324,2003
190,Lake Clark NP & Preserve,2011,2003
195,Lassen Volcanic NP,3765,2003
205,Mammoth Cave NP,5742,2003
219,Mesa Verde NP,4877,2003
223,Mojave NPres,3712,2003
228,Mount Rainier NP,9105,2003
244,"No. Cascades NP, Lk Chelan NRA, Ross Lk NRA",5594,2003
248,Olympic NP,10390,2003
258,Petrified Forest NP,2564,2003
273,Redwood NP,7464,2003
277,Rocky Mountain NP,10195,2003
280,Saguaro NP,2836,2003
295,Sequoia NP & Kings Canyon NP,13161,2003
296,Shenandoah NP,10584,2003
304,Tallgrass Prairie NPres,888,2003
308,Theodore Roosevelt NP,2208,2003
322,Virgin Islands NP,4874,2003
324,Voyageurs NP,3207,2003
329,"Kobuk Valley NP, Noatak NPres",3203,2003
337,Wind Cave NP,1899,2003
340,Wrangell-Saint Elias NP & Preserve,3905,2003
341,Yellowstone NP,27304,2003
342,Yosemite NP,23378,2003
345,Zion NP,6044,2003
1,Acadia NP,6415,2004
12,Arches NP,1162,2004
17,Badlands NP,3116,2004
21,Big Bend NP,5092,2004
27,Biscayne NP,3501,2004
28,Black Canyon of the Gunnison NP,1044,2004
36,Bryce Canyon NP,2728,2004
42,Canyonlands NP,5438,2004
47,Capitol Reef NP,1892,2004
50,Carlsbad Caverns NP,5333,2004
58,Channel Islands NP,5028,2004
73,Crater Lake NP,4087,2004
78,Cuyahoga Valley NP,9719,2004
81,Death Valley NP,7026,2004
83,Denali NP & Preserve,11035,2004
87,Dry Tortugas NP,1297,2004
97,Everglades NP,14053,2004
131,Gates of the Arctic NP & Preserve,1976,2004
140,Glacier Bay NP & Preserve,3781,2004
141,Glacier NP,11289,2004
146,Grand Canyon NP,19248,2004
148,Grand Teton NP,9232,2004
150,Great Basin NP,1931,2004
152,Great Smoky Mountains NP,15846,2004
154,Guadalupe Mountains NP,2366,2004
158,Haleakala NP,3931,2004
162,Hawaii Volcanoes NP,5597,2004
169,Hot Springs NP,3419,2004
174,Isle Royale NP,3305,2004
185,Joshua Tree NP,4270,2004
188,"Katmai NP & Pres, Aniakchak NM & Pres",2480,2004
189,Kenai Fjords NP,2639,2004
196,Lake Clark NP & Preserve,1858,2004
201,Lassen Volcanic NP,3791,2004
213,Mammoth Cave NP,5805,2004
227,Mesa Verde NP,4962,2004
233,Mojave NPres,3742,2004
238,Mount Rainier NP,9471,2004
256,"North Cascades NP, Lake Chelan NRA, Ross Lake NRA",6025,2004
260,Olympic NP,10514,2004
270,Petrified Forest NP,2584,2004
285,Redwood NP,7522,2004
289,Rocky Mountain NP,10332,2004
295,Saguaro NP,2877,2004
311,Sequoia NP & Kings Canyon NP,13244,2004
312,Shenandoah NP,10708,2004
320,Tallgrass Prairie NPres,890,2004
324,Theodore Roosevelt NP,2226,2004
338,Virgin Islands NP,4884,2004
340,Voyageurs NP,3236,2004
347,"Kobuk Valley NP, Noatak NPres",-2,2004
354,Wind Cave NP,2158,2004
357,Wrangell-Saint Elias NP & Preserve,3887,2004
358,Yellowstone NP,28097,2004
359,Yosemite NP,23537,2004
362,Zion NP,6128,2004
1,Acadia NP,6277,2005
12,Arches NP,1140,2005
17,Badlands NP,3056,2005
21,Big Bend NP,5531,2005
27,Biscayne NP,3434,2005
28,Black Canyon of the Gunnison NP,1024,2005
36,Bryce Canyon NP,2674,2005
42,Canyonlands NP,5334,2005
47,Capitol Reef NP,1856,2005
50,Carlsbad Caverns NP,5231,2005
58,Channel Islands NP,5744,2005
70,Congaree Swamp NP,955,2005
73,Crater Lake NP,4105,2005
78,Cuyahoga Valley NP,9508,2005
81,Death Valley NP,6778,2005
83,Denali NP & Preserve,10687,2005
87,Dry Tortugas NP,1276,2005
97,Everglades NP,14827,2005
131,Gates of the Arctic NP & Preserve,2162,2005
140,Glacier Bay NP & Preserve,3627,2005
141,Glacier NP,11372,2005
146,Grand Canyon NP,18566,2005
148,Grand Teton NP,9901,2005
150,Great Basin NP,1894,2005
152,Great Smoky Mountains NP,15329,2005
154,Guadalupe Mountains NP,2321,2005
158,Haleakala NP,4003,2005
162,Hawaii Volcanoes NP,5396,2005
169,Hot Springs NP,3625,2005
174,Isle Royale NP,3466,2005
185,Joshua Tree NP,4063,2005
188,"Katmai NP & Pres, Aniakchak NM & Pres",2857,2005
189,Kenai Fjords NP,2704,2005
196,Lake Clark NP & Preserve,1778,2005
201,Lassen Volcanic NP,3760,2005
213,Mammoth Cave NP,5694,2005
227,Mesa Verde NP,5024,2005
233,Mojave NPres,3672,2005
238,Mount Rainier NP,9624,2005
256,"North Cascades NP, Lake Chelan NRA, Ross Lake NRA",5911,2005
260,Olympic NP,10080,2005
270,Petrified Forest NP,2700,2005
285,Redwood NP,7043,2005
289,Rocky Mountain NP (& Cache La Pudre Heritage Ar. Tech.Assis,10337,2005
295,Saguaro NP,3021,2005
311,Sequoia NP & Kings Canyon NP,12977,2005
312,Shenandoah NP,10255,2005
320,Tallgrass Prairie NPres,873,2005
324,Theodore Roosevelt NP,2184,2005
339,Virgin Islands NP,4792,2005
340,Voyageurs NP,3174,2005
347,"Kobuk Valley NP, Noatak NPres",0,2005
355,Wind Cave NP,2117,2005
358,Wrangell-Saint Elias NP & Preserve,3730,2005
359,Yellowstone NP,29066,2005
360,Yosemite NP,23026,2005
363,Zion NP,6008,2005
1,Acadia NP,8130,2016
13,Arches NP,1965,2016
17,Badlands NP,4412,2016
20,Big Bend NP,7258,2016
21,Big Cypress NPres,6835,2016
24,Big Thicket NPres,2633,2016
26,Biscayne NP,4291,2016
27,Black Canyon of the Gunnison NP,1878,2016
36,Bryce Canyon NP,3323,2016
42,Canyonlands NP,6319,2016
47,Capitol Reef NP,2393,2016
50,Carlsbad Caverns NP,5802,2016
59,Channel Islands NP,7437,2016
72,Congaree NP,1896,2016
75,Crater Lake NP,5427,2016
80,Cuyahoga Valley NP,10980,2016
83,Death Valley NP,8872,2016
85,Denali NP&Pres,14569,2016
89,Dry Tortugas NP,1911,2016
98,Everglades NP,16980,2016
127,Gates of the Arctic NP&Pres,3165,2016
137,Glacier Bay NP&Pres,5077,2016
138,Glacier NP,13673,2016
144,Grand Canyon NP,21787,2016
146,Grand Teton NP,12540,2016
148,Great Basin NP,2785,2016
149,Great Sand Dunes NP&Pres,2335,2016
150,Great Smoky Mountains NP,19366,2016
151,Guadalupe Mountains NP,2938,2016
155,Haleakala NP,5595,2016
160,Hawaii Volcanoes NP,7884,2016
167,Hot Springs NP,4638,2016
172,Isle Royale NP,4633,2016
183,Joshua Tree NP,6245,2016
186,"Katmai NP&Pres, Aniakchak NM&Pres & Alagnak WR",4293,2016
187,Kenai Fjords NP,4042,2016
194,Lake Clark NP&Pres,3486,2016
199,Lassen Volcanic NP,5345,2016
205,Little River Canyon NPres,1453,2016
211,Mammoth Cave NP,6523,2016
225,Mesa Verde NP,6592,2016
231,Mojave NPres,5326,2016
236,Mount Rainier NP,12657,2016
254,"North Cascades NP, Lake Chelan NRA, Ross Lake NRA",7488,2016
257,Olympic NP,13168,2016
268,Petrified Forest NP,3589,2016
287,"North Cascades NP, Lake Chelan NRA, Ross Lake NRA",7488,2016
290,Olympic NP,13168,2016
301,Petrified Forest NP,3589,2016
314,Redwood NP,8981,2016
319,Rocky Mountain NP & Cache La Poudre,12730,2016
325,Saguaro NP,3689,2016
341,Sequoia NP & Kings Canyon NP,16991,2016
342,Shenandoah NP,12202,2016
352,Tallgrass Prairie NPres,1014,2016
355,Theodore Roosevelt NP & International Peace Garden,2947,2016
366,Valles Caldera NPres,2793,2016
371,Virgin Islands NP,5064,2016
372,Voyageurs NP,4442,2016
377,"NPres, Cape Krusenstern NM, Kobuk Valley NP",3856,2016
384,Wind Cave NP,2688,2016
385,Wolf Trap NP,4216,2016
388,Wrangell-Saint Elias NP&Pres,5767,2016
389,Yellowstone NP,35200,2016
390,Yosemite NP,30974,2016
392,Yukon-Charley Rivers NPres,1824,2016
393,Zion NP,7723,2016
1,Acadia NP,7185,2006
13,Arches NP,1712,2006
18,Badlands NP,4402,2006
22,Big Bend NP,6121,2006
28,Biscayne NP,3790,2006
29,Black Canyon of the Gunnison NP,1643,2006
37,Bryce Canyon NP,3326,2006
43,Canyonlands NP,6319,2006
48,Capitol Reef NP,2264,2006
51,Carlsbad Caverns NP,5878,2006
59,Channel Islands NP,6879,2006
71,Congaree NP,1641,2006
74,Crater Lake NP,5351,2006
79,Cuyahoga Valley NP,11151,2006
82,Death Valley NP,8828,2006
84,Denali NP & Preserve,12251,2006
88,Dry Tortugas NP,1476,2006
98,Everglades NP,17254,2006
131,Gates of the Arctic NP & Preserve,2773,2006
140,Glacier Bay NP & Preserve,4461,2006
141,Glacier NP,13661,2006
147,Grand Canyon NP,21704,2006
149,Grand Teton NP,12502,2006
151,Great Basin NP,2532,2006
152,Great Sand Dunes NP & Preserve,2254,2006
153,Great Smoky Mountains NP,18690,2006
155,Guadalupe Mountains NP,2933,2006
159,Haleakala NP,4662,2006
163,Hawaii Volcanoes NP,6525,2006
170,Hot Springs NP,4286,2006
175,Isle Royale NP,4066,2006
186,Joshua Tree NP,5186,2006
189,"Katmai NP&Pres, Aniakchak NM&Pres, & Alagnak WR",3436,2006
190,Kenai Fjords NP,3436,2006
197,Lake Clark NP & Preserve,2454,2006
202,Lassen Volcanic NP,4597,2006
215,Mammoth Cave NP,6848,2006
229,Mesa Verde NP,6187,2006
235,Mojave NPres,5213,2006
240,Mount Rainier NP,11322,2006
259,"North Cascades NP, Lake Chelan NRA, Ross Lake NRA",6859,2006
262,Olympic NP,12610,2006
272,Petrified Forest NP,3508,2006
286,Redwood NP,8521,2006
290,Rocky Mountain NP (& Cache La Pourdre Heritage Ar.),12299,2006
295,Saguaro NP,3537,2006
311,Sequoia NP & Kings Canyon NP,15536,2006
312,Shenandoah NP,12443,2006
320,Tallgrass Prairie NPres,976,2006
324,Theodore Roosevelt NP,2688,2006
339,Virgin Islands NP,5041,2006
340,Voyageurs NP,3872,2006
347,"Kobuk Valley NP, Noatak NPres",3591,2006
353,Wind Cave NP,2605,2006
354,Wolf Trap NP,4082,2006
356,Wrangell-Saint Elias NP & Preserve,4520,2006
357,Yellowstone NP,33814,2006
358,Yosemite NP,27323,2006
361,Zion NP,7272,2006
1,Acadia NP,6545,2007
12,Arches NP,1251,2007
17,Badlands NP,3607,2007
21,Big Bend NP,5759,2007
27,Biscayne NP,3648,2007
28,Black Canyon of the Gunnison NP,1098,2007
36,Bryce Canyon NP,2907,2007
42,Canyonlands NP,5546,2007
47,Capitol Reef NP,2012,2007
50,Carlsbad Caverns NP,5600,2007
58,Channel Islands NP,6025,2007
70,Congaree NP,1218,2007
73,Crater Lake NP,4418,2007
78,Cuyahoga Valley NP,10146,2007
81,Death Valley NP,7247,2007
83,Denali NP & Preserve,10685,2007
87,Dry Tortugas NP,1380,2007
97,Everglades NP,15819,2007
130,Gates of the Arctic NP & Preserve,2540,2007
139,Glacier Bay NP & Preserve,3878,2007
140,Glacier NP,12214,2007
146,Grand Canyon NP,20106,2007
148,Grand Teton NP,10690,2007
150,Great Basin NP,2284,2007
151,Great Sand Dunes NP & Preserve,2088,2007
152,Great Smoky Mountains NP,17192,2007
154,Guadalupe Mountains NP,2479,2007
158,Haleakala NP,4247,2007
162,Hawaii Volcanoes NP,5854,2007
169,Hot Springs NP,3882,2007
174,Isle Royale NP,3712,2007
185,Joshua Tree NP,4432,2007
188,"Katmai NP&Pres, Aniakchak NM&Pres, & Alagnak WR",3051,2007
189,Kenai Fjords NP,3210,2007
196,Lake Clark NP & Preserve,2106,2007
201,Lassen Volcanic NP,4081,2007
214,Mammoth Cave NP,6143,2007
228,Mesa Verde NP,5467,2007
234,Mojave NPres,4184,2007
239,Mount Rainier NP,10326,2007
259,"North Cascades NP, Lake Chelan NRA, Ross Lake NRA",6361,2007
262,Olympic NP,11090,2007
272,Petrified Forest NP,2910,2007
286,Redwood NP,7563,2007
290,Rocky Mountain NP (& Cache La Pourdre Heritage Ar.),11282,2007
296,Saguaro NP,3265,2007
312,Sequoia NP & Kings Canyon NP,14378,2007
313,Shenandoah NP,10837,2007
321,Tallgrass Prairie NPres,928,2007
325,Theodore Roosevelt NP,2341,2007
340,Virgin Islands NP,4848,2007
341,Voyageurs NP,3601,2007
348,"Kobuk Valley NP, Noatak NPres",3189,2007
354,Wind Cave NP,2325,2007
355,Wolf Trap NP,3697,2007
357,Wrangell-Saint Elias NP & Preserve,4089,2007
358,Yellowstone NP,31383,2007
359,Yosemite NP,24840,2007
362,Zion NP,6585,2007
1,Acadia NP,7185,2008
13,Arches NP,1712,2008
18,Badlands NP,4402,2008
22,Big Bend NP,6121,2008
28,Biscayne NP,3790,2008
29,Black Canyon of the Gunnison NP,1643,2008
37,Bryce Canyon NP,3326,2008
43,Canyonlands NP,6319,2008
48,Capitol Reef NP,2264,2008
51,Carlsbad Caverns NP,5878,2008
59,Channel Islands NP,6879,2008
71,Congaree NP,1641,2008
74,Crater Lake NP,5351,2008
79,Cuyahoga Valley NP,11151,2008
82,Death Valley NP,8828,2008
84,Denali NP & Preserve,12251,2008
89,Dry Tortugas NP,1476,2008
99,Everglades NP,17254,2008
132,Gates of the Arctic NP & Preserve,2773,2008
141,Glacier Bay NP & Preserve,4461,2008
142,Glacier NP,13661,2008
148,Grand Canyon NP,21704,2008
150,Grand Teton NP,12502,2008
152,Great Basin NP,2532,2008
153,Great Sand Dunes NP & Preserve,2254,2008
154,Great Smoky Mountains NP,18690,2008
156,Guadalupe Mountains NP,2933,2008
160,Haleakala NP,4662,2008
164,Hawaii Volcanoes NP,6525,2008
171,Hot Springs NP,4286,2008
176,Isle Royale NP,4066,2008
187,Joshua Tree NP,5186,2008
190,"Katmai NP&Pres, Aniakchak NM&Pres, & Alagnak WR",3436,2008
191,Kenai Fjords NP,3436,2008
198,Lake Clark NP & Preserve,2454,2008
203,Lassen Volcanic NP,4597,2008
216,Mammoth Cave NP,6848,2008
230,Mesa Verde NP,6187,2008
236,Mojave NPres,5213,2008
241,Mount Rainier NP,11322,2008
260,"North Cascades NP, Lake Chelan NRA, Ross Lake NRA",6859,2008
263,Olympic NP,12610,2008
273,Petrified Forest NP,3508,2008
287,Redwood NP,8521,2008
291,Rocky Mountain NP (& Cache La Pourdre Heritage Ar.),12299,2008
296,Saguaro NP,3537,2008
312,Sequoia NP & Kings Canyon NP,15536,2008
313,Shenandoah NP,12443,2008
321,Tallgrass Prairie NPres,976,2008
325,Theodore Roosevelt NP,2688,2008
340,Virgin Islands NP,5041,2008
341,Voyageurs NP,3872,2008
348,"Kobuk Valley NP, Noatak NPres",3591,2008
354,Wind Cave NP,2605,2008
355,Wolf Trap NP,4082,2008
357,Wrangell-Saint Elias NP & Preserve,4520,2008
358,Yellowstone NP,33814,2008
359,Yosemite NP,27323,2008
362,Zion NP,7272,2008
1,Acadia NP,7716,2009
13,Arches NP,1939,2009
18,Badlands NP,4526,2009
22,Big Bend NP,6959,2009
28,Biscayne NP,4307,2009
29,Black Canyon of the Gunnison NP,1658,2009
37,Bryce Canyon NP,3360,2009
44,Canyonlands NP,6435,2009
49,Capitol Reef NP,2286,2009
52,Carlsbad Caverns NP,6021,2009
61,Channel Islands NP,7001,2009
73,Congaree NP,1900,2009
76,Crater Lake NP,5377,2009
81,Cuyahoga Valley NP,11180,2009
84,Death Valley NP,8872,2009
86,Denali NP & Preserve,12757,2009
90,Dry Tortugas NP,1775,2009
100,Everglades NP,17352,2009
132,Gates of the Arctic NP & Preserve,2797,2009
141,Glacier Bay NP & Preserve,4696,2009
142,Glacier NP,13905,2009
148,Grand Canyon NP,21962,2009
150,Grand Teton NP,13114,2009
152,Great Basin NP,2558,2009
153,Great Sand Dunes NP & Preserve,2326,2009
154,Great Smoky Mountains NP,19343,2009
156,Guadalupe Mountains NP,2951,2009
160,Haleakala NP,4963,2009
164,Hawaii Volcanoes NP,7222,2009
171,Hot Springs NP,4592,2009
176,Isle Royale NP,4589,2009
187,Joshua Tree NP,5691,2009
190,"Katmai NP&Pres, Aniakchak NM&Pres, & Alagna",3666,2009
191,Kenai Fjords NP,3513,2009
198,Lake Clark NP & Preserve,3115,2009
203,Lassen Volcanic NP,5357,2009
216,Mammoth Cave NP,6656,2009
230,Mesa Verde NP,6627,2009
236,Mojave NPres,5016,2009
241,Mount Rainier NP,11500,2009
262,"North Cascades NP, Lake Chelan NRA, Ross La",7427,2009
265,Olympic NP,12809,2009
275,Petrified Forest NP,3543,2009
289,Redwood NP,8651,2009
293,Rocky Mountain NP (& Cache La Pourdre Heritag,12877,2009
298,Saguaro NP,3576,2009
314,Sequoia NP & Kings Canyon NP,16030,2009
315,Shenandoah NP,12486,2009
323,Tallgrass Prairie NPres,976,2009
327,Theodore Roosevelt NP,2716,2009
342,Virgin Islands NP,5114,2009
343,Voyageurs NP,4495,2009
350,"Cape Krusenstern NM, Kobuk Valley NP",3778,2009
356,Wind Cave NP,2758,2009
357,Wolf Trap NP,4171,2009
359,Wrangell-Saint Elias NP & Preserve,4993,2009
360,Yellowstone NP,34601,2009
361,Yosemite NP,28578,2009
364,Zion NP,7831,2009
1,Acadia NP,8454,2010
11,Arches NP,1981,2010
16,Badlands NP,4578,2010
19,Big Bend NP,7387,2010
25,Biscayne NP,4400,2010
26,Black Canyon of the Gunnison NP,1701,2010
33,Bryce Canyon NP,3531,2010
39,Canyonlands NP,6797,2010
44,Capitol Reef NP,2382,2010
47,Carlsbad Caverns NP,6279,2010
55,Channel Islands NP,7583,2010
67,Congaree NP,1943,2010
70,Crater Lake NP,5535,2010
75,Cuyahoga Valley NP,11852,2010
78,Death Valley NP,9140,2010
80,Denali NP & Preserve,13976,2010
84,Dry Tortugas NP,1792,2010
93,Everglades NP,17921,2010
124,Gates of the Arctic NP & Preserve,3004,2010
133,Glacier Bay NP & Preserve,4821,2010
134,Glacier NP,14410,2010
139,Grand Canyon NP,23076,2010
141,Grand Teton NP,13733,2010
143,Great Basin NP,2864,2010
144,Great Sand Dunes NP & Preserve,2366,2010
145,Great Smoky Mountains NP,20396,2010
147,Guadalupe Mountains NP,3017,2010
151,Haleakala NP,5334,2010
155,Hawaii Volcanoes NP,7379,2010
162,Hot Springs NP,4772,2010
167,Isle Royale NP,4607,2010
178,Joshua Tree NP,6388,2010
181,"Katmai NP&Pres, Aniakchak NM&Pres, & Alagna",3949,2010
182,Kenai Fjords NP,3807,2010
188,Lake Clark NP & Preserve,3351,2010
192,Lassen Volcanic NP,5505,2010
205,Mammoth Cave NP,6845,2010
219,Mesa Verde NP,7001,2010
223,Mojave NPres,5135,2010
228,Mount Rainier NP,12391,2010
248,"North Cascades NP, Lake Chelan NRA, Ross La",7678,2010
251,Olympic NP,13073,2010
261,Petrified Forest NP,3701,2010
274,Redwood NP,9230,2010
278,Rocky Mountain NP (& Cache La Pourdre Heritag,13469,2010
282,Saguaro NP,3933,2010
296,Sequoia NP & Kings Canyon NP,17326,2010
297,Shenandoah NP,13460,2010
305,Tallgrass Prairie NPres,1004,2010
309,Theodore Roosevelt NP,3064,2010
322,Virgin Islands NP,5143,2010
323,Voyageurs NP,5255,2010
330,"Cape Krusenstern NM, Kobuk Valley NP",3841,2010
336,Wind Cave NP,2812,2010
337,Wolf Trap NP,4303,2010
340,Wrangell-Saint Elias NP & Preserve,5417,2010
341,Yellowstone NP,36958,2010
342,Yosemite NP,29901,2010
344,Zion NP,8307,2010
1,Acadia NP,8189,2011
13,Arches NP,1963,2011
18,Badlands NP,4530,2011
22,Big Bend NP,7314,2011
28,Biscayne NP,4673,2011
29,Black Canyon of the Gunnison NP,1689,2011
37,Bryce Canyon NP,3496,2011
43,Canyonlands NP,6960,2011
48,Capitol Reef NP,2874,2011
51,Carlsbad Caverns NP,6216,2011
60,Channel Islands NP,7834,2011
72,Congaree NP,1921,2011
75,Crater Lake NP,5473,2011
80,Cuyahoga Valley NP,11838,2011
83,Death Valley NP,8975,2011
85,Denali NP & Preserve,14313,2011
89,Dry Tortugas NP,1782,2011
98,Everglades NP,18475,2011
106,Fort Caroline NMem & Timucuan Ecol & His. NPres,2838,2011
130,Gates of the Arctic NP & Preserve,3118,2011
139,Glacier Bay NP & Preserve,4769,2011
140,Glacier NP,14276,2011
146,Grand Canyon NP,23331,2011
148,Grand Teton NP,13771,2011
150,Great Basin NP,2843,2011
151,Great Sand Dunes NP & Preserve,2971,2011
152,Great Smoky Mountains NP,20400,2011
154,Guadalupe Mountains NP,2985,2011
158,Haleakala NP,5288,2011
162,Hawaii Volcanoes NP,6979,2011
169,Hot Springs NP,4897,2011
174,Isle Royale NP,4936,2011
185,Joshua Tree NP,6342,2011
188,"Katmai NP&Pres, Aniakchak NM&Pres, & Alagnak",3906,2011
189,Kenai Fjords NP,3979,2011
196,Lake Clark NP & Preserve,3450,2011
201,Lassen Volcanic NP,5452,2011
214,Mammoth Cave NP,6708,2011
228,Mesa Verde NP,6908,2011
234,Mojave NPres,5094,2011
239,Mount Rainier NP,12257,2011
260,"North Cascades NP, Lake Chelan NRA, Ross Lake",8378,2011
263,Olympic NP,12796,2011
273,Petrified Forest NP,3666,2011
288,Redwood NP,9653,2011
292,Rocky Mountain NP,13357,2011
297,Saguaro NP,3905,2011
313,Sequoia NP & Kings Canyon NP,17017,2011
314,Shenandoah NP,13032,2011
322,Tallgrass Prairie NPres,1080,2011
326,Theodore Roosevelt NP,3008,2011
341,Virgin Islands NP,5103,2011
342,Voyageurs NP,4371,2011
349,"Cape Krusenstern NM, Kobuk Valley NP",3920,2011
355,Wind Cave NP,2787,2011
356,Wolf Trap NP,4182,2011
359,Wrangell-Saint Elias NP & Preserve,5374,2011
360,Yellowstone NP,36516,2011
361,Yosemite NP,29961,2011
364,Zion NP,8214,2011
1,Acadia NP,8017,2012
13,Arches NP,1943,2012
18,Badlands NP,4397,2012
22,Big Bend NP,7242,2012
23,Big Cypress NPres,7292,2012
26,Big Thicket NPres,3031,2012
28,Biscayne NP,4556,2012
29,Black Canyon of the Gunnison NP,1669,2012
37,Bryce Canyon NP,3461,2012
43,Canyonlands NP,6890,2012
48,Capitol Reef NP,2850,2012
51,Carlsbad Caverns NP,6152,2012
60,Channel Islands NP,7753,2012
72,Congaree NP,1901,2012
75,Crater Lake NP,5417,2012
80,Cuyahoga Valley NP,11627,2012
83,Death Valley NP,8880,2012
85,Denali NP&Pres,14357,2012
89,Dry Tortugas NP,1764,2012
98,Everglades NP,17803,2012
129,Gates of the Arctic NP&Pres,3204,2012
138,Glacier Bay NP&Pres,4803,2012
139,Glacier NP,14124,2012
145,Grand Canyon NP,23089,2012
147,Grand Teton NP,13629,2012
149,Great Basin NP,2814,2012
150,Great Sand Dunes NP&Pres,2946,2012
151,Great Smoky Mountains NP,19500,2012
153,Guadalupe Mountains NP,2955,2012
157,Haleakala NP,5423,2012
161,Hawaii Volcanoes NP,6940,2012
168,Hot Springs NP,4849,2012
173,Isle Royale NP,4794,2012
184,Joshua Tree NP,6275,2012
187,"Katmai NP&Pres, Aniakchak NM&Pres & Alagnak WR",3925,2012
188,Kenai Fjords NP,3986,2012
195,Lake Clark NP&Pres,3458,2012
200,Lassen Volcanic NP,5396,2012
206,Little River Canyon NPres,1454,2012
212,Mammoth Cave NP,6408,2012
226,Mesa Verde NP,6838,2012
232,Mojave NPres,5040,2012
237,Mount Rainier NP,12128,2012
257,"North Cascades NP, Lake Chelan NRA, Ross Lake NRA",8298,2012
260,Olympic NP,12829,2012
271,Petrified Forest NP,3628,2012
286,Redwood NP,9564,2012
291,Rocky Mountain NP & Cache La Poudre,13218,2012
297,Saguaro NP,3864,2012
313,Sequoia NP & Kings Canyon NP,16838,2012
314,Shenandoah NP,12747,2012
323,Tallgrass Prairie NPres,1559,2012
327,Theodore Roosevelt NP & International Peace Garden,2918,2012
345,Virgin Islands NP,5126,2012
346,Voyageurs NP,4295,2012
351,"NPres, Cape Krusenstern NM, Kobuk Valley NP",3802,2012
358,Wind Cave NP,2656,2012
359,Wolf Trap NP,4137,2012
362,Wrangell-Saint Elias NP&Pres,5534,2012
363,Yellowstone NP,36141,2012
364,Yosemite NP,29653,2012
366,Yukon-Charley Rivers NPres,2123,2012
367,Zion NP,8132,2012
1,Acadia NP,7937,2013
13,Arches NP,1935,2013
18,Badlands NP,4377,2013
22,Big Bend NP,7057,2013
23,Big Cypress NPres,6734,2013
26,Big Thicket NPres,2608,2013
28,Biscayne NP,4297,2013
29,Black Canyon of the Gunnison NP,1663,2013
37,Bryce Canyon NP,3303,2013
43,Canyonlands NP,6331,2013
48,Capitol Reef NP,2270,2013
51,Carlsbad Caverns NP,5822,2013
60,Channel Islands NP,7609,2013
72,Congaree NP,1894,2013
75,Crater Lake NP,5365,2013
80,Cuyahoga Valley NP,10970,2013
83,Death Valley NP,8848,2013
85,Denali NP&Pres,13986,2013
89,Dry Tortugas NP,1741,2013
98,Everglades NP,17111,2013
130,Gates of the Arctic NP&Pres,2883,2013
139,Glacier Bay NP&Pres,4909,2013
140,Glacier NP,13868,2013
146,Grand Canyon NP,21554,2013
148,Grand Teton NP,12745,2013
150,Great Basin NP,2783,2013
151,Great Sand Dunes NP&Pres,2305,2013
152,Great Smoky Mountains NP,19218,2013
154,Guadalupe Mountains NP,2939,2013
158,Haleakala NP,5422,2013
162,Hawaii Volcanoes NP,7429,2013
169,Hot Springs NP,4645,2013
174,Isle Royale NP,4389,2013
185,Joshua Tree NP,6203,2013
188,"Katmai NP&Pres, Aniakchak NM&Pres & Alagnak WR",3998,2013
189,Kenai Fjords NP,3840,2013
196,Lake Clark NP&Pres,3378,2013
201,Lassen Volcanic NP,5342,2013
207,Little River Canyon NPres,1453,2013
213,Mammoth Cave NP,6441,2013
227,Mesa Verde NP,6536,2013
233,Mojave NPres,4999,2013
238,Mount Rainier NP,12278,2013
260,"North Cascades NP, Lake Chelan NRA, Ross Lake NRA",7436,2013
263,Olympic NP,12998,2013
274,Petrified Forest NP,3477,2013
289,Redwood NP,8988,2013
294,Rocky Mountain NP & Cache La Poudre,12681,2013
300,Saguaro NP,3656,2013
316,Sequoia NP & Kings Canyon NP,16679,2013
317,Shenandoah NP,12663,2013
326,Tallgrass Prairie NPres,976,2013
330,Theodore Roosevelt NP & International Peace Garden,2906,2013
349,Virgin Islands NP,5009,2013
350,Voyageurs NP,4283,2013
355,"NPres, Cape Krusenstern NM, Kobuk Valley NP",3729,2013
362,Wind Cave NP,2648,2013
363,Wolf Trap NP,4118,2013
366,Wrangell-Saint Elias NP&Pres,5509,2013
367,Yellowstone NP,35590,2013
368,Yosemite NP,29270,2013
370,Yukon-Charley Rivers NPres,1913,2013
371,Zion NP,7776,2013
1,Acadia NP,7920,2014
13,Arches NP,1922,2014
17,Badlands NP,4383,2014
20,Big Bend NP,6992,2014
21,Big Cypress NPres,6685,2014
24,Big Thicket NPres,2579,2014
26,Biscayne NP,4265,2014
27,Black Canyon of the Gunnison NP,1768,2014
35,Bryce Canyon NP,3271,2014
41,Canyonlands NP,6281,2014
46,Capitol Reef NP,2251,2014
49,Carlsbad Caverns NP,5849,2014
58,Channel Islands NP,7548,2014
70,Congaree NP,1878,2014
73,Crater Lake NP,5321,2014
78,Cuyahoga Valley NP,10885,2014
81,Death Valley NP,8775,2014
83,Denali NP&Pres,13876,2014
87,Dry Tortugas NP,1726,2014
96,Everglades NP,17020,2014
126,Gates of the Arctic NP&Pres,3034,2014
135,Glacier Bay NP&Pres,4869,2014
136,Glacier NP,13808,2014
141,Grand Canyon NP,21385,2014
143,Grand Teton NP,12684,2014
145,Great Basin NP,2812,2014
146,Great Sand Dunes NP&Pres,2285,2014
147,Great Smoky Mountains NP,19052,2014
148,Guadalupe Mountains NP,2911,2014
152,Haleakala NP,5380,2014
157,Hawaii Volcanoes NP,7375,2014
164,Hot Springs NP,4608,2014
169,Isle Royale NP,4350,2014
180,Joshua Tree NP,6150,2014
183,"Katmai NP&Pres, Aniakchak NM&Pres & Alagnak WR",3965,2014
184,Kenai Fjords NP,3807,2014
191,Lake Clark NP&Pres,3347,2014
196,Lassen Volcanic NP,5297,2014
202,Little River Canyon NPres,1441,2014
208,Mammoth Cave NP,6487,2014
221,Mesa Verde NP,6479,2014
227,Mojave NPres,4957,2014
232,Mount Rainier NP,12179,2014
253,"North Cascades NP, Lake Chelan NRA, Ross Lake NRA",7366,2014
256,Olympic NP,12893,2014
267,Petrified Forest NP,3451,2014
270,Pinnacles NP,3479,2014
280,Redwood NP,8917,2014
285,Rocky Mountain NP & Cache La Poudre,12577,2014
291,Saguaro NP,3628,2014
307,Sequoia NP & Kings Canyon NP,16606,2014
308,Shenandoah NP,12554,2014
317,Tallgrass Prairie NPres,1007,2014
320,Theodore Roosevelt NP & International Peace Garden,2924,2014
338,Virgin Islands NP,4969,2014
339,Voyageurs NP,4249,2014
344,"NPres, Cape Krusenstern NM, Kobuk Valley NP",3693,2014
351,Wind Cave NP,2717,2014
352,Wolf Trap NP,4087,2014
355,Wrangell-Saint Elias NP&Pres,5463,2014
356,Yellowstone NP,35257,2014
357,Yosemite NP,30799,2014
359,Yukon-Charley Rivers NPres,1898,2014
360,Zion NP,7707,2014
1,Acadia NP,8038,2015
13,Arches NP,1914,2015
17,Badlands NP,4328,2015
20,Big Bend NP,7019,2015
21,Big Cypress NPres,6660,2015
24,Big Thicket NPres,2606,2015
26,Biscayne NP,4245,2015
27,Black Canyon of the Gunnison NP,1765,2015
35,Bryce Canyon NP,3255,2015
41,Canyonlands NP,6253,2015
45,Capitol Reef NP,2292,2015
48,Carlsbad Caverns NP,5811,2015
57,Channel Islands NP,7295,2015
69,Congaree NP,1874,2015
72,Crater Lake NP,5308,2015
77,Cuyahoga Valley NP,10850,2015
80,Death Valley NP,8751,2015
82,Denali NP&Pres,13847,2015
86,Dry Tortugas NP,1892,2015
95,Everglades NP,16771,2015
124,Gates of the Arctic NP&Pres,3031,2015
134,Glacier Bay NP&Pres,4848,2015
135,Glacier NP,13429,2015
141,Grand Canyon NP,21406,2015
143,Grand Teton NP,12369,2015
145,Great Basin NP,2801,2015
146,Great Sand Dunes NP&Pres,2280,2015
147,Great Smoky Mountains NP,19155,2015
148,Guadalupe Mountains NP,2908,2015
152,Haleakala NP,5360,2015
157,Hawaii Volcanoes NP,7346,2015
164,Hot Springs NP,4588,2015
169,Isle Royale NP,4335,2015
180,Joshua Tree NP,6131,2015
183,"Katmai NP&Pres, Aniakchak NM&Pres & Alagnak WR",3955,2015
184,Kenai Fjords NP,3801,2015
191,Lake Clark NP&Pres,3344,2015
196,Lassen Volcanic NP,5283,2015
202,Little River Canyon NPres,1435,2015
208,Mammoth Cave NP,6463,2015
221,Mesa Verde NP,6521,2015
227,Mojave NPres,4941,2015
232,Mount Rainier NP,12345,2015
251,"North Cascades NP, Lake Chelan NRA, Ross Lake NRA",7349,2015
254,Olympic NP,12848,2015
265,Petrified Forest NP,3440,2015
279,Redwood NP,3184,2015
284,Rocky Mountain NP,659,2015
290,Saguaro NP,228,2015
305,Sequoia NP & Kings Canyon NP,16545,2015
306,Shenandoah NP,12070,2015
316,Tallgrass Prairie NPres,965,2015
319,Theodore Roosevelt NP & International Peace Garden,2873,2015
333,Virgin Islands NP,4946,2015
334,Voyageurs NP,4391,2015
338,"Western Arctic National Parklands - Bering Land Bridge NPres,Noatak NPres, Cape Krusenstern NM, Kobuk Valley NP",3695,2015
345,Wind Cave NP,2667,2015
346,Wolf Trap NP,4073,2015
349,Wrangell-Saint Elias NP&Pres,5449,2015
350,Yellowstone NP,34643,2015
351,Yosemite NP,28810,2015
353,Yukon-Charley Rivers NPres,1746,2015
354,Zion NP,7639,2015
1,Acadia NP ,8044,2021
13,Arches NP ,1995,2021
17,Badlands NP ,4322,2021
20,Big Bend NP ,7066,2021
21,Big Cypress NPres ,6692,2021
24,Big Thicket NPres ,2566,2021
27,Biscayne NP ,4196,2021
28,Black Canyon of the Gunnison NP ,1852,2021
37,Bryce Canyon NP ,3397,2021
43,Canyonlands NP ,6215,2021
47,Capitol Reef NP ,2394,2021
50,Carlsbad Caverns NP ,5609,2021
60,Channel Islands NP ,7240,2021
72,Congaree NP ,1845,2021
74,Crater Lake NP ,5182,2021
79,Cuyahoga Valley NP ,10605,2021
82,Death Valley NP ,8886,2021
84,Denali NP&Pres ,14263,2021
88,Dry Tortugas NP ,2038,2021
97,Everglades NP ,16433,2021
127,Gates of the Arctic NP&Pres ,3072,2021
129,Gateway Arch NP ,9815,2021
137,Glacier Bay NP&Pres ,4950,2021
138,Glacier NP ,13870,2021
143,Grand Canyon NP ,21223,2021
148,Grand Teton NP ,12270,2021
150,Great Basin NP ,2657,2021
152,Great Sand Dunes NP&Pres ,2551,2021
153,Great Smoky Mountains NP ,19097,2021
154,Guadalupe Mountains NP ,2861,2021
158,Haleakala NP ,5425,2021
164,Hawaii Volcanoes NP ,7577,2021
172,Hot Springs NP ,4348,2021
175,Indiana Dunes NP ,8970,2021
177,Isle Royale NP ,4333,2021
187,Joshua Tree NP ,6243,2021
191,"Katmai NP&Pres, Aniakchak NM&Pres & Alagnak WR ",4191,2021
192,Kenai Fjords NP ,3959,2021
199,Lake Clark NP&Pres ,3405,2021
203,Lassen Volcanic NP ,5045,2021
210,Little River Canyon NPres ,1423,2021
216,Mammoth Cave NP ,6417,2021
225,Mesa Verde NP ,6339,2021
232,Mojave NPres ,5106,2021
237,Mount Rainier NP ,11813,2021
257,"North Cascades NP, Lake Chelan NRA, Ross Lake NRA ",7173,2021
260,Olympic NP ,12571,2021
284,Petrified Forest NP ,3500,2021
287,Pinnacles NP ,3542,2021
299,Redwood NP ,8699,2021
304,Rocky Mountain NP ,12635,2021
310,Saguaro NP ,3516,2021
326,Sequoia NP & Kings Canyon NP ,16229,2021
327,Shenandoah NP ,11941,2021
340,Tallgrass Prairie NPres ,1005,2021
344,Theodore Roosevelt NP & International Peace Garden ,3001,2021
355,Valles Caldera NPres ,4632,2021
360,Virgin Islands NP ,4892,2021
361,Voyageurs NP ,4263,2021
366,"West. Arctic Parklands - Bering Land Bridge NPres, Noatak NPres, Cape Krusenstern NM, Kobuk Valley NP ",3740,2021
368,White Sands NP ,1576,2021
374,Wind Cave NP ,2533,2021
375,Wolf Trap NP ,4112,2021
377,Wrangell-Saint Elias NP&Pres ,5646,2021
378,Yellowstone NP ,34585,2021
379,Yosemite NP ,28647,2021
381,Yukon-Charley Rivers NPres ,1773,2021
382,Zion NP ,7756,2021
383,Zion NP ,7756,2021
1,Acadia NP,8194,2017
13,Arches NP,1984,2017
17,Badlands NP,4448,2017
20,Big Bend NP,7314,2017
21,Big Cypress NPres,6901,2017
24,Big Thicket NPres,2658,2017
26,Biscayne NP,4313,2017
27,Black Canyon of the Gunnison NP,1917,2017
36,Bryce Canyon NP,3348,2017
42,Canyonlands NP,6368,2017
47,Capitol Reef NP,2414,2017
50,Carlsbad Caverns NP,5849,2017
59,Channel Islands NP,7522,2017
73,Congaree NP,1901,2017
76,Crater Lake NP,5489,2017
81,Cuyahoga Valley NP,11112,2017
84,Death Valley NP,8939,2017
86,Denali NP&Pres,14636,2017
90,Dry Tortugas NP,2097,2017
99,Everglades NP,16965,2017
129,Gates of the Arctic NP&Pres,3200,2017
139,Glacier Bay NP&Pres,5121,2017
140,Glacier NP,13911,2017
146,Grand Canyon NP,22017,2017
148,Grand Teton NP,12638,2017
150,Great Basin NP,2819,2017
152,Great Sand Dunes NP&Pres,2359,2017
153,Great Smoky Mountains NP,19543,2017
154,Guadalupe Mountains NP,2953,2017
158,Haleakala NP,5641,2017
163,Hawaii Volcanoes NP,7937,2017
171,Hot Springs NP,4681,2017
176,Isle Royale NP,4685,2017
187,Joshua Tree NP,6303,2017
190,"Katmai NP&Pres, Aniakchak NM&Pres & Alagnak WR",4356,2017
191,Kenai Fjords NP,4099,2017
198,Lake Clark NP&Pres,3517,2017
203,Lassen Volcanic NP,5419,2017
209,Little River Canyon NPres,1471,2017
215,Mammoth Cave NP,6633,2017
229,Mesa Verde NP,6643,2017
235,Mojave NPres,5378,2017
240,Mount Rainier NP,12840,2017
259,"North Cascades NP, Lake Chelan NRA, Ross Lake NRA",7612,2017
262,Olympic NP,13232,2017
273,Petrified Forest NP,3617,2017
287,Redwood NP,9133,2017
292,Rocky Mountain NP,12884,2017
298,Saguaro NP,3730,2017
313,Sequoia NP & Kings Canyon NP,17225,2017
314,Shenandoah NP,12364,2017
324,Tallgrass Prairie NPres,1024,2017
327,Theodore Roosevelt NP & International Peace Garden,3056,2017
339,Valles Caldera NPres,3376,2017
344,Virgin Islands NP,5096,2017
345,Voyageurs NP,4346,2017
351,"Noatak NPres, Cape Krusenstern NM, Kobuk Valley NP",3894,2017
358,Wind Cave NP,2723,2017
359,Wolf Trap NP,4290,2017
362,Wrangell-Saint Elias NP&Pres,5822,2017
363,Yellowstone NP,35623,2017
364,Yosemite NP,31174,2017
366,Yukon-Charley Rivers NPres,1835,2017
367,Zion NP,7794,2017
1,Acadia NP,7684,2018
13,Arches NP,1859,2018
17,Badlands NP,4166,2018
20,Big Bend NP,6850,2018
21,Big Cypress NPres,6460,2018
24,Big Thicket NPres,2489,2018
27,Biscayne NP,4055,2018
28,Black Canyon of the Gunnison NP,1795,2018
37,Bryce Canyon NP,3138,2018
43,Canyonlands NP,5972,2018
47,Capitol Reef NP,2263,2018
50,Carlsbad Caverns NP,5474,2018
60,Channel Islands NP,7106,2018
73,Congaree NP,1791,2018
76,Crater Lake NP,5141,2018
81,Cuyahoga Valley NP,10236,2018
84,Death Valley NP,8366,2018
86,Denali NP&Pres,13779,2018
90,Dry Tortugas NP,1977,2018
99,Everglades NP,15849,2018
129,Gates of the Arctic NP&Pres,2985,2018
139,Glacier Bay NP&Pres,4789,2018
140,Glacier NP,13029,2018
146,Grand Canyon NP,20361,2018
148,Grand Teton NP,11849,2018
150,Great Basin NP,2641,2018
152,Great Sand Dunes NP&Pres,2212,2018
153,Great Smoky Mountains NP,18301,2018
154,Guadalupe Mountains NP,2766,2018
158,Haleakala NP,5277,2018
163,Hawaii Volcanoes NP,7430,2018
171,Hot Springs NP,4384,2018
176,Isle Royale NP,4352,2018
187,Joshua Tree NP,5891,2018
191,"Katmai NP&Pres, Aniakchak NM&Pres & Alagnak WR",4070,2018
192,Kenai Fjords NP,3827,2018
199,Lake Clark NP&Pres,3288,2018
204,Lassen Volcanic NP,5076,2018
210,Little River Canyon NPres,1374,2018
216,Mammoth Cave NP,6226,2018
230,Mesa Verde NP,6153,2018
236,Mojave NPres,5024,2018
241,Mount Rainier NP,12003,2018
260,"North Cascades NP, Lake Chelan NRA, Ross Lake NRA",7111,2018
263,Olympic NP,12385,2018
274,Petrified Forest NP,3390,2018
289,Redwood NP,8563,2018
294,Rocky Mountain NP,12042,2018
300,Saguaro NP,3486,2018
315,Sequoia NP & Kings Canyon NP,16110,2018
316,Shenandoah NP,11593,2018
327,Tallgrass Prairie NPres,968,2018
330,Theodore Roosevelt NP & International Peace Garden,2781,2018
341,Valles Caldera NPres,3153,2018
346,Virgin Islands NP,4758,2018
347,Voyageurs NP,3971,2018
361,Wind Cave NP,2444,2018
362,Wolf Trap NP,3962,2018
365,Wrangell-Saint Elias NP&Pres,5447,2018
366,Yellowstone NP,33350,2018
367,Yosemite NP,29164,2018
369,Yukon-Charley Rivers NPres,1716,2018
370,Zion NP,7298,2018
1,Acadia NP,7312,2019
13,Arches NP,1765,2019
17,Badlands NP,3969,2019
20,Big Bend NP,6525,2019
21,Big Cypress NPres,6148,2019
24,Big Thicket NPres,2370,2019
27,Biscayne NP,3860,2019
28,Black Canyon of the Gunnison NP,1709,2019
37,Bryce Canyon NP,2984,2019
43,Canyonlands NP,5691,2019
47,Capitol Reef NP,2154,2019
50,Carlsbad Caverns NP,5220,2019
60,Channel Islands NP,6774,2019
73,Congaree NP,1703,2019
76,Crater Lake NP,4893,2019
81,Cuyahoga Valley NP,9753,2019
84,Death Valley NP,7969,2019
86,Denali NP&Pres,13138,2019
90,Dry Tortugas NP,1882,2019
99,Everglades NP,15088,2019
129,Gates of the Arctic NP&Pres,2862,2019
138,Glacier Bay NP&Pres,4561,2019
139,Glacier NP,12419,2019
144,Grand Canyon NP,19376,2019
146,Grand Teton NP,11271,2019
148,Great Basin NP,2513,2019
150,Great Sand Dunes NP&Pres,2103,2019
151,Great Smoky Mountains NP,17422,2019
152,Guadalupe Mountains NP,2636,2019
156,Haleakala NP,5031,2019
161,Hawaii Volcanoes NP,7078,2019
169,Hot Springs NP,4174,2019
174,Isle Royale NP,4015,2019
185,Joshua Tree NP,5615,2019
189,"Katmai NP&Pres, Aniakchak NM&Pres & Alagnak WR",3881,2019
190,Kenai Fjords NP,3654,2019
197,Lake Clark NP&Pres,3134,2019
202,Lassen Volcanic NP,4829,2019
208,Little River Canyon NPres,1306,2019
214,Mammoth Cave NP,5930,2019
222,Mesa Verde NP,5850,2019
228,Mojave NPres,4788,2019
233,Mount Rainier NP,11437,2019
252,"North Cascades NP, Lake Chelan NRA, Ross Lake NRA",6779,2019
255,Olympic NP,11786,2019
266,Petrified Forest NP,3229,2019
269,Pinnacles NP,3224,2019
281,Redwood NP,8147,2019
286,Rocky Mountain NP,11479,2019
292,Saguaro NP,3335,2019
307,Sequoia NP & Kings Canyon NP,15358,2019
308,Shenandoah NP,11033,2019
318,Tallgrass Prairie NPres,923,2019
321,Theodore Roosevelt NP & International Peace Garden,2821,2019
332,Valles Caldera NPres,3013,2019
337,Virgin Islands NP,4543,2019
338,Voyageurs NP,3782,2019
344,"NM, Kobuk Valley NP",3466,2019
351,Wind Cave NP,2330,2019
352,Wolf Trap NP,3787,2019
355,Wrangell-Saint Elias NP&Pres,5188,2019
356,Yellowstone NP,31738,2019
357,Yosemite NP,27781,2019
359,Yukon-Charley Rivers NPres,1626,2019
360,Zion NP,6949,2019
1,Acadia NP ,7920,2020
13,Arches NP ,1916,2020
17,Badlands NP ,4371,2020
20,Big Bend NP ,7076,2020
21,Big Cypress NPres ,6668,2020
24,Big Thicket NPres ,2574,2020
27,Biscayne NP ,4196,2020
28,Black Canyon of the Gunnison NP ,1854,2020
37,Bryce Canyon NP ,3234,2020
43,Canyonlands NP ,6167,2020
47,Capitol Reef NP ,2339,2020
50,Carlsbad Caverns NP ,5652,2020
60,Channel Islands NP ,7359,2020
72,Congaree NP ,1851,2020
74,Crater Lake NP ,5307,2020
79,Cuyahoga Valley NP ,10586,2020
82,Death Valley NP ,8639,2020
84,Denali NP&Pres ,14240,2020
88,Dry Tortugas NP ,2042,2020
97,Everglades NP ,16393,2020
127,Gates of the Arctic NP&Pres ,3096,2020
129,Gateway Arch NP ,9795,2020
137,Glacier Bay NP&Pres ,4950,2020
138,Glacier NP ,13453,2020
143,Grand Canyon NP ,20990,2020
145,Grand Teton NP ,12205,2020
147,Great Basin NP ,2725,2020
149,Great Sand Dunes NP&Pres ,2284,2020
150,Great Smoky Mountains NP ,18888,2020
151,Guadalupe Mountains NP ,2858,2020
155,Haleakala NP ,5457,2020
160,Hawaii Volcanoes NP ,7678,2020
168,Hot Springs NP ,4429,2020
171,Indiana Dunes NP ,9064,2020
172,Isle Royale NP ,4297,2020
182,Joshua Tree NP ,6086,2020
186,"Katmai NP&Pres, Aniakchak NM&Pres & Alagnak WR ",4208,2020
187,Kenai Fjords NP ,3962,2020
194,Lake Clark NP&Pres ,3400,2020
199,Lassen Volcanic NP ,5233,2020
205,Little River Canyon NPres ,1422,2020
211,Mammoth Cave NP ,6428,2020
219,Mesa Verde NP ,6347,2020
225,Mojave NPres ,5199,2020
230,Mount Rainier NP ,12398,2020
248,"North Cascades NP, Lake Chelan NRA, Ross Lake NRA ",7347,2020
251,Olympic NP ,12776,2020
262,Petrified Forest NP ,3500,2020
265,Pinnacles NP ,3629,2020
277,Redwood NP ,8845,2020
282,Rocky Mountain NP ,12436,2020
288,Saguaro NP ,3476,2020
303,Sequoia NP & Kings Canyon NP ,16621,2020
304,Shenandoah NP ,11931,2020
317,Tallgrass Prairie NPres ,916,2020
320,Theodore Roosevelt NP & International Peace Garden ,3082,2020
331,Valles Caldera NPres ,3260,2020
336,Virgin Islands NP ,4932,2020
337,Voyageurs NP ,4285,2020
342,"West. Arctic Parklands - Bering Land Bridge NPres, Noatak NPres, Cape Krusenstern NM, Kobuk Valley NP ",3756,2020
349,Wind Cave NP ,2511,2020
350,Wolf Trap NP ,4113,2020
353,Wrangell-Saint Elias NP&Pres ,5634,2020
354,Yellowstone NP ,34410,2020
355,Yosemite NP ,30032,2020
357,Yukon-Charley Rivers NPres ,1768,2020
358,Zion NP ,7515,2020
